<oml:data_set_description xmlns:oml="http://openml.org/openml">
  <oml:id>963</oml:id>
  <oml:name>heart-h</oml:name>
  <oml:version>2</oml:version>
  <oml:description>**Author**:   
**Source**: Unknown - Date unknown  
**Please cite**:   

Binarized version of the original data set (see version 1). The multi-class target feature is converted to a two-class nominal target feature by re-labeling the majority class as positive ('P') and all others as negative ('N'). Originally converted by Quan Sun.</oml:description>
  <oml:format>ARFF</oml:format>
  			<oml:upload_date>2014-10-04T22:43:35</oml:upload_date>
    <oml:licence>Public</oml:licence>  <oml:url>https://www.openml.org/data/v1/download/53497/heart-h.arff</oml:url>
  <oml:file_id>53497</oml:file_id>  <oml:default_target_attribute>binaryClass</oml:default_target_attribute>          <oml:tag>study_1</oml:tag><oml:tag>study_41</oml:tag>  <oml:visibility>public</oml:visibility>      <oml:status>active</oml:status>
  <oml:md5_checksum>0b510cf5e214f2ced65f6caef87e4dde</oml:md5_checksum>
</oml:data_set_description>
